Keys,en,vi,jp,cn
gothicDressFemale,Gothic Dress (Female),Váy Gothic (Nữ),ゴシックドレス（女性用）,哥特连衣裙（女）
gothicDressFemaleDesc,"An elegant, dark gothic dress tailored for women.",Một chiếc váy gothic tối màu thanh lịch dành cho nữ.,女性向けに仕立てられたエレガントでダークなゴシックドレス。,一款为女性定制的优雅暗黑哥特连衣裙。
gothicDressHulk,Gothic Dress (Hulk),Váy Gothic (Hulk),ゴシックドレス（ハルク体型用）,哥特连衣裙（Hulk体型）
gothicDressHulkDesc,A dark gothic outfit tailored for the Hulk body type.,Bộ trang phục gothic tối màu dành cho thân hình Hulk.,ハルク体型向けに仕立てられたダークなゴシック衣装。,一款为Hulk体型定制的暗黑哥特服饰。
gothicDressMale,Gothic Suit (Male),Bộ Suit Gothic (Nam),ゴシックースーツ（男性用）,哥特西装（男）
gothicDressMaleDesc,A refined gothic suit designed for men.,Bộ suit gothic tinh tế dành cho nam.,男性向けにデザインされた洗練されたゴシックスーツ。,一款为男性设计的精致哥特西装。
logWood,Wood Log,Khúc gỗ,丸太,原木
plankWood,Wood Plank,Tấm gỗ,木材の板,木板
unfinishedCraft,Unfinished Item,Sản phẩm chưa hoàn thành,未完成のアイテム,未完成的物品
